   547	John Mair <jrmair@gmail.com>
    76	Rob Gleeson <rob@flowof.info>
    46	Lee Jarvis <lee@jarvis.co>
    46	Mon ouïe <mon.ouie@gmail.com>
    18	David Palm <dpalm@elctech.com>
    13	epitron <chris@ill-logic.com>
     8	Conrad Irwin <conrad.irwin@gmail.com>
     6	Ryan Fitzgerald <rwfitzge@gmail.com>
     2	Eric Christopherson <echristopherson@gmail.com>
     2	Xavier Shay <xavier@rhnh.net>
     1	Josh Cheek <josh.cheek@gmail.com>
